"","happiness_score","country","density","agricultural_land","land_area","armed_forces","birth_rate","carbon_emissions","cpi","cpi_change","fertility_rate","forested_area","gasoline_price","gdp","primary_edu_enrollment","tertiary_edu_enrollment","infant_mortality","life_expectancy","maternal_mortality","minimum_wage","pocket_health_expenditure","physicians_per_thousand","population","labor_force","tax_revenue","total_tax","unemployment_rate","urban_population","latitude","longitude"
"1",1.859,"Afghanistan",60,58.1,652230,323000,32.49,8672,149.9,2.3,4.47,2.1,0.7,19101353833,104,9.7,47.9,64.5,638,0.43,78.4,0.28,38041754,48.9,9.3,"71.40",11.12,9797273,33.93911,67.709953
"2",5.277,"Albania",105,43.1,28748,9000,11.78,4536,119.05,1.4,1.62,28.1,1.36,15278077447,107,55,7.8,78.5,15,1.12,56.9,1.2,2854191,55.7,18.6,"36.60",12.33,1747593,41.153332,20.168331
"3",5.329,"Algeria",18,17.4,2381741,317000,24.28,150006,151.36,2,3.02,0.8,0.28,169988236398,109.9,51.4,20.1,76.7,112,0.95,28.1,1.72,43053054,41.2,37.2,"66.10",11.7,31510100,28.033886,1.659626
"4",6.024,"Argentina",17,54.3,2780400,105000,17.02,201348,232.75,53.5,2.26,9.8,1.1,449663446954,109.7,90,8.8,76.5,39,3.35,17.6,3.96,44938712,61.3,10.1,"106.30",9.79,41339571,-38.416097,-63.616672
"5",5.342,"Armenia",104,58.9,29743,49000,13.99,5156,129.18,1.4,1.76,11.7,0.77,13672802158,92.7,54.6,11,74.9,26,0.66,81.6,4.4,2957731,55.6,20.9,"22.60",16.99,1869848,40.069099,45.038189
"6",7.095,"Australia",3,48.2,7741220,58000,12.6,375908,119.8,1.6,1.74,16.3,0.93,1392680589329,100.3,113.1,3.1,82.7,6,13.59,19.6,3.68,25766605,65.5,23,"47.40",5.27,21844756,-25.274398,133.775136
"7",7.097,"Austria",109,32.4,83871,21000,9.7,61448,118.06,1.5,1.47,46.9,1.2,446314739528,103.1,85.1,2.9,81.6,5,NA,17.9,5.17,8877067,60.7,25.4,"51.40",4.67,5194416,47.516231,14.550072
"8",6.173,"Bahrain",2239,11.1,765,19000,13.99,31694,117.59,2.1,1.99,0.8,0.43,38574069149,99.4,50.5,6.1,77.2,14,NA,25.1,0.93,1501635,73.4,4.2,"13.80",0.71,1467109,26.0667,50.5577
"9",4.282,"Bangladesh",1265,70.6,148460,221000,18.18,84246,179.68,5.6,2.04,11,1.12,302571254131,116.5,20.6,25.1,72.3,173,0.51,71.8,0.58,167310838,59,8.8,"33.40",4.19,60987417,23.684994,90.356331
"10",6.859,"Belgium",383,44.6,30528,32000,10.3,96889,117.11,1.4,1.62,22.6,1.43,529606710418,103.9,79.7,2.9,81.6,5,10.31,17.6,3.07,11484055,53.6,24,"55.40",5.59,11259082,50.503887,4.469936
"11",4.374,"Benin",108,33.3,112622,12000,36.22,6476,110.71,-0.9,4.84,37.8,0.72,14390709095,122,12.3,60.5,61.5,397,0.39,40.5,0.08,11801151,70.9,10.8,"48.90",2.23,5648149,9.30769,2.315834
"12",5.684,"Bolivia",11,34.8,1098581,71000,21.75,21606,148.32,1.8,2.73,50.3,0.71,40895322865,98.2,NA,21.8,71.2,155,1.36,25.9,1.59,11513100,71.8,17,"83.70",3.5,8033035,-16.290154,-63.588653
"13",5.633,"Bosnia and Herzegovina",64,43.1,51197,11000,8.11,21848,104.9,0.6,1.27,42.7,1.05,20047848435,NA,23.3,5,77.3,10,1.04,28.6,2.16,3301000,46.4,20.4,"23.70",18.42,1605144,43.915886,17.679076
"14",3.435,"Botswana",4,45.6,581730,9000,24.82,6340,149.75,2.8,2.87,18.9,0.71,18340510789,103.2,24.9,30,69.3,144,0.29,5.3,0.37,2346179,70.8,19.5,"25.10",18.19,1616550,-22.328474,24.684866
"15",6.125,"Brazil",25,33.9,8515770,730000,13.92,462299,167.4,3.7,1.73,58.9,1.02,1839758040766,115.4,51.3,12.8,75.7,60,1.53,28.3,2.15,212559417,63.9,14.2,"65.10",12.08,183241641,-14.235004,-51.92528
"16",5.466,"Bulgaria",64,46.3,110879,31000,8.9,41708,114.42,3.1,1.56,35.4,1.11,8.6e+10,89.3,71,5.9,74.9,10,1.57,47.7,4.03,6975761,55.4,20.2,"28.30",4.34,5256027,42.733883,25.48583
"17",4.638,"Burkina Faso",76,44.2,274200,11000,37.93,3418,106.58,-3.2,5.19,19.3,0.98,15745810235,96.1,6.5,49,61.2,320,0.34,36.1,0.08,20321378,66.4,15,"41.30",6.26,6092349,12.238333,-1.561593
"18",4.393,"Cambodia",95,30.9,181035,191000,22.46,9919,127.63,2.5,2.5,52.9,0.9,27089389787,107.4,13.7,24,69.6,160,NA,59.4,0.17,16486542,82.3,17.1,"23.10",0.68,3924621,12.565679,104.990963
"19",4.973,"Cameroon",56,20.6,475440,24000,35.39,8291,118.65,2.5,4.57,39.3,1.03,38760467033,103.4,12.8,50.6,58.9,529,0.35,69.7,0.09,25876380,76.1,12.8,"57.70",3.38,14741256,7.369722,12.354722
"20",6.961,"Canada",4,6.9,9984670,72000,10.1,544894,116.76,1.9,1.5,38.2,0.81,1736425629520,100.9,68.9,4.3,81.9,10,9.51,14.6,2.61,36991981,65.1,12.8,"24.50",5.56,30628482,56.130366,-106.346771
"21",4.397,"Chad",13,39.7,1284000,35000,42.17,1016,117.7,-1,5.75,3.8,0.78,11314951343,86.8,3.3,71.4,54,1140,0.6,56.4,0.04,15946876,70.7,NA,"63.50",1.89,3712273,15.454166,18.732207
"22",6.334,"Chile",26,21.2,756096,122000,12.43,85822,131.91,2.6,1.65,24.3,1.03,282318159745,101.4,88.5,6.2,80,13,2,32.2,2.59,18952038,62.6,18.2,"34.00",7.09,16610135,-35.675147,-71.542969
"23",5.818,"China",153,56.2,9596960,2695000,10.9,9893038,125.08,2.9,1.69,22.4,0.96,1.991e+13,100.2,50.6,7.4,77,29,0.87,32.4,1.98,1397715000,68,9.4,"59.20",4.32,842933962,35.86166,104.195397
"24",5.63,"Colombia",46,40.3,1138910,481000,14.88,97814,140.95,3.5,1.81,52.7,0.68,323802808108,114.5,55.3,12.2,77.1,83,1.23,18.3,2.18,50339443,68.8,14.4,"71.20",9.71,40827302,4.570868,-74.297333
"25",3.545,"Comoros",467,71.5,2235,NA,31.88,202,103.62,-4.3,4.21,19.7,NA,1185728677,99.5,9,51.3,64.1,273,0.71,74.8,0.27,850886,43.3,NA,"219.60",4.34,248152,-11.6455,43.3333
"26",6.609,"Costa Rica",100,34.5,51100,10000,13.97,8023,128.85,2.1,1.75,54.6,0.98,61773944174,113.3,55.2,7.6,80.1,27,1.84,21.5,2.89,5047561,62.1,13.6,"58.30",11.85,4041885,9.748917,-83.753428
"27",6.125,"Croatia",73,27.6,56594,18000,9,17488,109.82,0.8,1.47,34.4,1.26,60415553039,96.5,67.9,4,78.1,8,2.92,15.2,3,4067500,51.2,22,"20.50",6.93,2328318,45.1,15.2
"28",6.13,"Cyprus",131,12.2,9251,16000,10.46,6626,102.51,0.3,1.33,18.7,1.23,24564647935,99.3,75.9,1.9,80.8,6,NA,43.9,1.95,1198575,63.1,24.5,"22.40",7.27,800708,35.126413,33.429859
"29",6.845,"Czechia",139,45.2,78867,23000,10.7,102218,116.48,2.8,1.69,34.6,1.17,246489245495,100.7,64.1,2.7,79,3,3,14.8,4.12,10669709,60.6,14.9,"46.10",1.93,7887156,49.817492,15.472962
"30",6.535,"Democratic Republic of the Congo",40,11.6,2344858,134000,41.18,2021,133.85,2.9,5.92,67.2,1.49,47319624204,108,6.6,68.2,60.4,473,0.18,37.4,0.07,86790567,63.5,10.7,"50.70",4.24,39095679,-4.038333,21.758664
"31",7.586,"Denmark",137,62,43094,15000,10.6,31786,110.35,0.8,1.73,14.7,1.55,348078018464,101.3,80.6,3.6,81,4,NA,13.7,4.01,5818553,62.2,32.4,"23.80",4.91,5119978,56.26392,9.501785
"32",5.569,"Dominican Republic",225,48.7,48670,71000,19.51,25258,135.5,1.8,2.35,41.7,1.07,88941298258,105.7,59.9,24.1,73.9,95,0.4,43.7,1.56,10738958,64.3,13,"48.80",5.84,8787475,18.735693,-70.162651
"33",5.559,"Ecuador",71,22.2,283561,41000,19.72,41155,124.14,0.3,2.43,50.2,0.61,107435665000,103.3,44.9,12.2,76.8,59,2.46,43.7,2.04,17373662,68,NA,"34.40",3.97,11116711,-1.831239,-78.183406
"34",4.17,"Egypt",103,3.8,1001450,836000,26.38,238560,288.57,9.2,3.33,0.1,0.4,303175127598,106.3,35.2,18.1,71.8,37,NA,62,0.45,100388073,46.4,12.5,"44.40",10.76,42895824,26.820553,30.802498
"35",6.122,"El Salvador",313,76.4,21041,42000,18.25,7169,111.23,0.1,2.04,12.6,0.83,27022640000,94.8,29.4,11.8,73.1,46,0.5,27.9,1.57,6453553,59.1,18.1,"36.40",4.11,4694702,13.794185,-88.89653
"36",6.455,"Estonia",31,23.1,45228,6000,10.9,16590,122.14,2.3,1.59,51.3,1.14,31386949981,97.2,69.6,2.1,78.2,9,3.14,22.8,4.48,1331824,63.6,20.9,"47.80",5.11,916024,58.595272,25.013607
"37",4.091,"Ethiopia",115,36.3,1104300,138000,32.34,14870,143.86,15.8,4.25,12.5,0.75,96107662398,101,8.1,39.1,66.2,401,NA,37.8,0.08,112078730,79.6,7.5,"37.70",2.08,23788710,9.145,40.489673
"38",7.804,"Finland",18,7.5,338145,25000,8.6,45871,112.33,1,1.41,73.1,1.45,268761201365,100.2,88.2,1.4,81.7,3,NA,19.9,3.81,5520314,59.1,20.8,"36.60",6.59,4716888,61.92411,25.748151
"39",6.661,"France",119,52.4,643801,307000,11.3,303276,110.05,1.1,1.88,31.2,1.39,2715518274227,102.5,65.6,3.4,82.5,8,11.16,6.8,3.27,67059887,55.1,24.2,"60.70",8.43,54123364,46.227638,2.213749
"40",5.035,"Gabon",9,20,267667,7000,31.61,5321,122.19,2.1,3.97,90,0.92,16657960228,139.9,8.3,32.7,66.2,252,1.46,25.9,0.68,2172579,52.9,10.2,"47.10",20,1949694,-0.803689,11.609444
"41",4.279,"Gambia",239,59.8,11300,1000,38.54,532,172.73,7.1,5.22,48.4,1.18,1763819048,98,2.7,39,61.7,597,0.13,20.3,0.1,2347706,59.4,9.4,"48.40",9.06,1453958,13.443182,-15.310139
"42",5.109,"Georgia",57,34.5,69700,26000,13.47,10128,133.61,4.9,2.06,40.6,0.76,17743195770,98.6,63.9,8.7,73.6,25,0.05,57.3,7.12,3720382,68.3,21.7,"9.90",14.4,2196476,42.315407,43.356892
"43",6.892,"Germany",240,47.7,357022,180000,9.5,727973,112.85,1.4,1.56,32.7,1.39,3845630030824,104,70.2,3.1,80.9,7,9.99,12.5,4.25,83132799,60.8,11.5,"48.80",3.04,64324835,51.165691,10.451526
"44",4.605,"Ghana",137,69,238533,16000,29.41,16670,268.36,7.2,3.87,41.2,0.92,66983634224,104.8,15.7,34.9,63.8,308,0.27,36.1,0.14,30792608,67.8,12.6,"55.40",4.33,17249054,7.946527,-1.023194
"45",5.931,"Greece",81,47.6,131957,146000,8.1,62434,101.87,0.2,1.35,31.7,1.54,209852761469,99.6,136.6,3.6,81.3,3,4.46,35.5,5.48,10716322,51.8,26.2,"51.90",17.24,8507474,39.074208,21.824312
"46",6.15,"Guatemala",167,36,108889,43000,24.56,16777,142.92,3.7,2.87,32.7,0.79,76710385880,101.9,21.8,22.1,74.1,95,1.6,55.8,0.35,16604026,62.3,10.6,"35.20",2.46,8540945,15.783471,-90.230759
"47",5.072,"Guinea",53,59,245857,13000,36.36,2996,262.95,9.5,4.7,25.8,0.9,13590281809,91.5,11.6,64.9,61.2,576,NA,54.5,0.08,12771246,61.5,10.8,"69.30",4.3,4661505,9.945587,-9.696645
"48",6.023,"Honduras",89,28.9,112090,23000,21.6,9813,150.34,4.4,2.46,40,0.98,25095395475,91.5,26.2,15.1,75.1,65,1.01,49.1,0.31,9746117,68.8,17.3,"39.10",5.39,5626433,15.199999,-86.241905
"49",6.041,"Hungary",107,58.4,93028,40000,9.6,45537,121.64,3.3,1.54,22.9,1.18,160967157504,100.8,48.5,3.6,75.8,12,2.62,29,3.41,9769949,56.5,23,"37.90",3.4,6999582,47.162494,19.503304
"50",7.53,"Iceland",3,18.7,103000,0,12,2065,129,3,1.71,0.5,1.69,24188035739,100.4,71.8,1.5,82.7,4,NA,17,4.08,361313,75,23.3,"31.90",2.84,339110,64.963051,-19.020835
"51",4.036,"India",464,60.4,3287263,3031000,17.86,2407672,180.44,7.7,2.22,23.8,0.97,2.611e+12,113,28.1,29.9,69.4,145,0.3,65.1,0.86,1366417754,49.3,11.2,"49.70",5.36,471031528,20.593684,78.96288
"52",5.277,"Indonesia",151,31.5,1904569,676000,18.07,563325,151.18,3,2.31,49.9,0.63,1119190780753,106.4,36.3,21.1,71.5,177,0.48,48.3,0.43,270203917,67.5,10.2,"30.10",4.69,151509724,-0.789275,113.921327
"53",4.876,"Iran",52,28.2,1648195,563000,18.78,661710,550.93,39.9,2.14,6.6,0.4,445345282123,110.7,68.1,12.4,76.5,16,1.58,39.7,1.58,82913906,44.7,7.4,"44.70",11.38,62509623,32.427908,53.688046
"54",4.941,"Iraq",93,21.4,438317,209000,29.08,190061,119.86,0.4,3.67,1.9,0.61,234094042939,108.7,16.2,22.5,70.5,79,1.24,76.5,0.71,39309783,43,2,"30.80",12.82,27783368,33.223191,43.679291
"55",6.911,"Ireland",72,64.5,70273,9000,12.5,37711,106.58,0.9,1.75,11,1.37,388698711348,100.9,77.8,3.1,82.3,5,10.79,15.2,3.31,5007069,62.1,18.3,"26.10",4.93,3133123,53.41291,-8.24389
"56",7.473,"Israel",400,24.6,20770,178000,20.8,65166,108.15,0.8,3.09,7.7,1.57,395098666122,104.9,63.4,3,82.8,3,7.58,24.4,4.62,9053300,64,23.1,"25.30",3.86,8374393,31.046051,34.851612
"57",6.405,"Italy",206,43.2,301340,347000,7.3,320411,110.62,0.6,1.29,31.8,1.61,2001244392042,101.9,61.9,2.6,82.9,2,NA,22.8,3.98,60297396,49.6,24.3,"59.10",9.89,42651966,41.87194,12.56738
"58",5.053,"Ivory Coast",83,64.8,322463,27000,35.74,9674,111.61,-0.9,4.65,32.7,0.93,58792205642,99.8,9.3,59.4,57.4,617,0.36,36,0.23,25716544,57,11.8,"50.10",3.32,13176900,7.539989,-5.54708
"59",5.703,"Jamaica",273,41,10991,4000,16.1,8225,162.47,3.9,1.98,30.9,1.11,16458071068,91,27.1,12.4,74.4,80,1.33,23.7,1.31,2948279,66,26.8,"35.10",8,1650594,18.109581,-77.297508
"60",6.129,"Japan",347,12.3,377944,261000,7.4,1135886,105.48,0.5,1.42,68.5,1.06,5081769542380,98.8,63.2,1.8,84.2,5,6.77,13.1,2.41,126226568,61.7,11.9,"46.70",2.29,115782416,36.204824,138.252924
"61",4.12,"Jordan",115,12,89342,116000,21.98,25108,125.6,0.8,2.76,1.1,1.1,43743661972,81.5,34.4,13.9,74.4,46,1.49,25.1,2.32,10101694,39.3,15.1,"28.60",14.72,9213048,30.585164,36.238414
"62",6.144,"Kazakhstan",7,80.4,2724900,71000,21.77,247207,182.75,5.2,2.84,1.2,0.42,180161741180,104.4,61.7,8.8,73.2,10,0.41,38.8,3.25,18513930,68.8,11.7,"28.40",4.59,10652915,48.019573,66.923684
"63",4.487,"Kenya",94,48.5,580367,29000,28.75,17910,180.51,4.7,3.49,7.8,0.95,95503088538,103.2,11.5,30.6,66.3,342,0.25,33.4,0.16,52573973,74.7,15.1,"37.20",2.64,14461523,-0.023559,37.906193
"64",5.825,"Kyrgyzstan",34,55,199951,21000,27.1,9787,155.68,1.1,3.3,3.3,0.56,8454619608,107.6,41.3,16.9,71.4,60,0.09,48.2,1.88,6456900,59.8,18,"29.00",6.33,2362644,41.20438,74.766098
"65",5.111,"Laos",32,10.3,236800,129000,23.55,17763,135.87,3.3,2.67,82.1,0.93,18173839128,102.4,15,37.6,67.6,185,0.83,45.4,0.37,7169455,78.5,12.9,"24.10",0.63,2555552,19.85627,102.495496
"66",6.213,"Latvia",30,31.1,64589,6000,10,7004,116.86,2.8,1.6,54,1.16,34117202555,99.4,88.1,3.3,74.7,19,2.8,41.6,3.19,1912789,61.4,22.9,"38.10",6.52,1304943,56.879635,24.603189
"67",2.392,"Lebanon",667,64.3,10400,80000,17.55,24796,130.02,3,2.09,13.4,0.74,53367042272,95.1,26.3,6.4,78.9,29,2.15,32.1,2.1,6855713,47,15.3,"32.20",6.23,6084994,33.854721,35.862285
"68",4.042,"Liberia",53,28,111369,2000,33.04,1386,223.13,23.6,4.32,43.1,0.8,3070518100,85.1,11.9,53.5,63.7,661,0.17,19.6,0.04,4937374,76.3,12.9,"46.20",2.81,2548426,6.428055,-9.429499
"69",6.763,"Lithuania",43,47.2,65300,34000,10,12963,118.38,2.3,1.63,34.8,1.16,54219315600,103.9,72.4,3.3,75.7,8,2.41,32.1,6.35,2786844,61.6,16.9,"42.60",6.35,1891013,55.169438,23.881275
"70",7.228,"Luxembourg",242,53.7,2586,2000,10.3,8988,115.09,1.7,1.37,35.7,1.19,71104919108,102.3,19.2,1.9,82.1,5,13.05,10.6,3.01,645397,59.3,26.5,"20.40",5.36,565488,49.815273,6.129583
"71",4.019,"Madagascar",48,71.2,587041,22000,32.66,3905,184.33,5.6,4.08,21.4,1.11,14083906357,142.5,5.4,38.2,66.7,335,0.21,21.7,0.18,26969307,86.1,10.2,"38.30",1.76,10210849,-18.766947,46.869107
"72",3.495,"Malawi",203,61.4,118484,15000,34.12,1298,418.34,9.4,4.21,33.2,1.15,7666704427,142.5,0.8,35.3,63.8,349,0.12,11,0.04,18628747,76.7,17.3,"34.50",5.65,3199301,-13.254308,34.301525
"73",6.012,"Malaysia",99,26.3,329847,136000,16.75,248289,121.46,0.7,2,67.6,0.45,364701517788,105.3,45.1,6.7,76,29,0.93,36.7,1.51,32447385,64.3,12,"38.70",3.32,24475766,4.210484,101.975766
"74",4.198,"Mali",17,33.8,1240192,18000,41.54,3179,108.73,-1.7,5.88,3.8,1.12,17510141171,75.6,4.5,62,58.9,562,0.23,46.3,0.13,19658031,70.8,11.6,"54.50",7.22,8479688,17.570692,-3.996166
"75",6.3,"Malta",1380,32.4,316,2000,9.2,1342,113.45,1.6,1.23,1.1,1.36,14786156563,105,54.3,6.1,82.3,6,5.07,37.1,2.86,502653,56.5,26.2,"44.00",3.47,475902,35.937496,14.375416
"76",4.724,"Mauritania",5,38.5,1030700,21000,33.69,2739,135.02,2.3,4.56,0.2,1.13,7593752450,99.9,5,51.5,64.7,766,0.53,48.2,0.19,4525696,45.9,NA,"67.00",9.55,2466821,21.00789,-10.940835
"77",5.902,"Mauritius",626,42.4,2040,3000,10.2,4349,129.91,0.4,1.41,19,1.12,14180444557,101.1,40.6,13.6,74.4,61,0.38,50.7,2.53,1265711,58.3,19.1,"22.20",6.67,515980,-20.348404,57.552152
"78",6.33,"Mexico",66,54.6,1964375,336000,17.6,486406,141.54,3.6,2.13,33.9,0.73,1258286717125,105.8,40.2,11,75,33,0.49,41.4,2.38,126014024,60.7,13.1,"55.10",3.42,102626859,23.634501,-102.552784
"79",5.819,"Moldova",123,74.2,33851,7000,10.1,5115,166.2,4.8,1.26,12.6,0.8,11955435457,90.6,39.8,13.6,71.8,19,0.31,46.2,3.21,2657637,43.1,17.7,"38.70",5.47,1135502,47.411631,28.369885
"80",5.84,"Mongolia",2,71.5,1564116,18000,24.13,25368,195.76,7.3,2.9,8,0.72,13852850259,104,65.6,14,69.7,45,0.65,39.3,2.86,3225167,59.7,16.8,"25.70",6.01,2210626,46.862496,103.846656
"81",5.722,"Montenegro",47,19,13812,12000,11.73,2017,116.32,2.6,1.75,61.5,1.16,5494736901,100,56.1,2.3,76.8,6,1.23,31.8,2.76,622137,54.4,NA,"22.20",14.88,417765,42.708678,19.37439
"82",4.903,"Morocco",83,68.5,446550,246000,18.94,61276,111.07,0.2,2.42,12.6,0.99,118725279596,113.9,35.9,19.2,76.5,70,1.6,53.1,0.73,36910560,45.3,21.9,"45.80",9.02,22975026,31.791702,-7.09262
"83",4.954,"Mozambique",40,63.5,799380,11000,37.52,7943,182.31,2.8,4.85,48,0.65,14934159926,112.6,7.3,54,60.2,289,0.27,6.8,0.08,30366036,78.1,0,"36.10",3.24,11092106,-18.665695,35.529562
"84",4.372,"Myanmar",83,19.5,676578,513000,17.55,25280,168.18,8.8,2.15,43.6,0.54,76085852617,112.3,18.8,36.8,66.9,250,0.39,73.9,0.68,54045420,61.7,5.4,"31.20",1.58,16674093,21.916221,95.955974
"85",4.631,"Namibia",3,47.1,824292,16000,28.64,4228,157.97,3.7,3.4,8.3,0.76,12366527719,124.2,22.9,29,63.4,195,NA,8.3,0.42,2494530,59.5,27.1,"20.70",20.27,1273258,-22.95764,18.49041
"86",5.36,"Nepal",203,28.7,147181,112000,19.89,9105,188.73,5.6,1.92,25.4,0.91,30641380604,142.1,12.4,26.7,70.5,186,0.36,60.4,0.75,28608710,83.8,20.7,"41.80",1.41,5765513,28.394857,84.124008
"87",7.403,"Netherlands",508,53.3,41543,41000,9.7,170780,115.91,2.6,1.59,11.2,1.68,909070395161,104.2,85,3.3,81.8,5,10.29,12.3,3.61,17332850,63.6,23,"41.20",3.2,15924729,52.132633,5.291266
"88",7.123,"New Zealand",18,40.5,268838,9000,11.98,34382,114.24,1.6,1.71,38.6,1.4,206928765544,100,82,4.7,81.9,9,11.49,12.6,3.59,4841000,69.9,29,"34.60",4.07,4258860,-40.900557,174.885971
"89",6.259,"Nicaragua",55,42.1,130370,12000,20.64,5592,162.74,5.4,2.4,25.9,0.91,12520915291,120.6,17.4,15.7,74.3,98,0.54,36,0.98,6545502,66.4,15.6,"60.60",6.84,3846137,12.865416,-85.207229
"90",4.501,"Niger",19,36.1,1267000,10000,46.08,2017,109.32,-2.5,6.91,0.9,0.88,12928145120,74.7,4.4,48,62,509,0.29,52.3,0.04,23310715,72,11.8,"47.20",0.47,3850231,17.607789,8.081666
"91",4.981,"Nigeria",226,77.7,923768,215000,37.91,120369,267.51,11.4,5.39,7.2,0.46,448120428859,84.7,10.2,75.7,54.3,917,0.54,72.2,0.38,200963599,52.9,1.5,"34.80",8.1,102806948,9.081999,8.675277
"92",5.254,"North Macedonia",83,NA,25713,NA,NA,NA,NA,NA,NA,NA,NA,10220781069,NA,NA,NA,NA,NA,NA,35.6,NA,1836713,NA,NA,"",NA,NA,41.608635,21.745275
"93",7.315,"Norway",15,2.7,323802,23000,10.4,41023,120.27,2.2,1.56,33.2,1.78,403336363636,100.3,82,2.1,82.8,2,NA,14.3,2.92,5347896,63.8,23.9,"36.20",3.35,4418218,60.472024,8.468946
"94",4.555,"Pakistan",287,47.8,796095,936000,28.25,201150,182.32,10.6,3.51,1.9,0.79,3.044e+11,94.3,9,57.2,67.1,140,0.69,66.5,0.98,216565318,52.6,9.2,"33.90",4.45,79927762,30.375321,69.345116
"95",6.265,"Panama",58,30.4,75420,26000,18.98,10715,122.07,-0.4,2.46,61.9,0.74,66800800000,94.4,47.8,13.1,78.3,52,1.53,30.5,1.57,4246439,66.6,NA,"37.20",3.9,2890084,8.537981,-80.782127
"96",5.738,"Paraguay",18,55.1,406752,27000,20.57,7407,143.82,2.8,2.43,37.7,1.04,38145288940,104.4,34.6,17.2,74.1,129,1.55,36.5,1.35,7044636,72.1,10,"35.00",4.81,4359150,-23.442503,-58.443832
"97",5.526,"Peru",26,18.5,1285216,158000,17.95,57414,129.78,2.1,2.25,57.7,0.99,226848050820,106.9,70.7,11.1,76.5,88,1.28,30.9,1.27,32510453,77.6,14.3,"36.80",3.31,25390339,-9.189967,-75.015152
"98",5.523,"Philippines",368,41.7,3e+05,153000,20.55,122287,129.61,2.5,2.58,27.8,0.86,376795508680,107.5,35.5,22.5,71.1,121,1.12,53.5,0.6,108116615,59.6,14,"43.10",2.15,50975903,12.879721,121.774017
"99",6.26,"Poland",124,46.9,312685,191000,10.2,299037,114.11,2.2,1.46,30.9,1.07,592164400688,100,67.8,3.8,77.6,2,2.93,23.2,2.38,37970874,56.7,17.4,"40.80",3.47,22796574,51.919438,19.145136
"100",5.968,"Portugal",111,39.5,92212,52000,8.5,48742,110.62,0.3,1.38,34.6,1.54,237686075635,106.2,63.9,3.1,81.3,8,3.78,27.7,5.12,10269417,58.8,22.8,"39.80",6.33,6753579,39.399872,-8.224454
"101",6.571,"Republic of the Congo",16,31.1,342000,12000,32.86,3282,124.74,2.2,4.43,65.4,0.97,10820591131,106.6,12.7,36.2,64.3,378,0.88,43.8,0.12,5380508,69.4,9,"54.30",9.47,3625010,-0.228021,15.827659
"102",6.589,"Romania",84,58.8,238391,126000,9.6,69259,123.78,3.8,1.71,30.1,1.16,250077444017,85.2,49.4,6.1,75.4,19,2.25,21.3,2.98,19356544,54.7,14.6,"20.00",3.98,10468793,45.943161,24.96676
"103",5.661,"Russia",9,13.3,17098240,1454000,11.5,1732027,180.75,4.5,1.57,49.8,0.59,1699876578871,102.6,81.9,6.1,72.7,17,0.53,36.4,4.01,144373535,61.8,11.4,"46.20",4.59,107683889,61.52401,105.318756
"104",6.463,"Saudi Arabia",16,80.8,2149690,252000,17.8,563449,118.4,-1.2,2.32,0.5,0.24,792966838162,99.8,68,6,75,17,3.85,15,2.61,34268528,55.9,8.9,"15.70",5.93,28807838,23.885942,45.079162
"105",4.855,"Senegal",87,46.1,196722,19000,34.52,10902,109.25,1.8,4.63,42.8,1.14,23578084052,81,12.8,31.8,67.7,315,0.31,44.2,0.07,16296364,45.7,16.3,"44.80",6.6,7765706,14.497401,-14.452362
"106",6.144,"Serbia",100,39.3,77474,32000,9.2,45221,144,1.8,1.49,31.1,1.16,51409167351,100.3,67.2,4.8,75.5,12,1.57,40.6,3.11,6944975,54.9,18.6,"36.60",12.69,3907243,44.016521,21.005859
"107",3.138,"Sierra Leone",111,54.7,71740,9000,33.41,1093,234.16,14.8,4.26,43.1,1.08,3941474311,112.8,2,78.5,54.3,1120,0.57,38.2,0.03,7813215,57.9,8.6,"30.70",4.43,3319366,8.460555,-11.779889
"108",6.587,"Singapore",8358,0.9,716,81000,8.8,37535,114.41,0.6,1.14,23.1,1.25,372062527489,100.6,84.8,2.3,83.1,8,NA,36.7,2.29,5703569,70.5,13.1,"21.00",4.11,5703569,1.352083,103.819836
"109",6.469,"Slovakia",114,39.2,49035,16000,10.6,32424,115.34,2.7,1.52,40.4,1.32,105422304976,98.7,46.6,4.6,77.2,5,3.11,18.4,3.42,5454073,59.5,18.7,"49.70",5.56,2930419,48.669026,19.699024
"110",6.65,"Slovenia",103,30.7,20273,7000,9.4,12633,111.05,1.6,1.6,62,1.32,53742159517,100.4,78.6,1.7,81,7,5.25,12.5,3.09,2087946,58.4,18.6,"31.00",4.2,1144654,46.151241,14.995463
"111",5.275,"South Africa",49,79.8,1219090,80000,20.51,476644,158.93,4.1,2.41,7.6,0.92,351431649241,100.9,22.4,28.5,63.9,119,NA,7.7,0.91,58558270,56,27.5,"29.20",28.18,39149717,-30.559482,22.937506
"112",5.951,"South Korea",527,17.4,99720,634000,6.4,620302,115.16,0.4,0.98,63.4,1.22,2.029e+12,98.1,94.3,2.7,82.6,11,6.49,36.8,2.36,51709098,63,15.6,"33.20",4.15,42106719,35.907757,127.766922
"113",6.436,"Spain",94,52.6,505370,196000,7.9,244002,110.96,0.7,1.26,36.9,1.26,1394116310769,102.7,88.9,2.5,83.3,4,5.6,24.2,3.87,47076781,57.5,14.2,"47.00",13.96,37927409,40.463667,-3.74922
"114",4.442,"Sri Lanka",341,43.7,65610,317000,15.83,23362,155.53,3.5,2.2,32.9,0.88,84008783756,100.2,19.6,6.4,76.8,36,0.35,38.4,1,21803000,53.9,11.9,"55.20",4.2,4052088,7.873054,80.771797
"115",4.908,"State of Palestine",847,NA,NA,NA,NA,NA,NA,NA,NA,NA,NA,NA,NA,NA,NA,NA,NA,NA,NA,NA,NA,NA,NA,"",NA,NA,31.952162,35.233154
"116",7.395,"Sweden",25,7.4,450295,30000,11.4,43252,110.51,1.8,1.76,68.9,1.42,530832908738,126.6,67,2.2,82.5,4,NA,15.2,3.98,10285453,64.6,27.9,"49.10",6.48,9021165,60.128161,18.643501
"117",7.24,"Switzerland",219,38.4,41277,21000,10,34477,99.55,0.4,1.52,31.8,1.45,703082435360,105.2,59.6,3.7,83.6,5,NA,28.3,4.3,8574832,68.3,10.1,"28.80",4.58,6332428,46.818188,8.227512
"118",5.33,"Tajikistan",68,34.1,144100,17000,30.76,5310,148.57,6,3.59,3,0.71,8116626794,100.9,31.3,30.4,70.9,17,0.23,63.1,1.7,9321018,42,9.8,"67.30",11.02,2545477,38.861034,71.276093
"119",3.694,"Tanzania",67,44.8,947300,28000,36.7,11973,187.43,3.5,4.89,51.6,0.87,63177068175,94.2,4,37.6,65,524,0.09,26.1,0.01,58005463,83.4,11.5,"43.80",1.98,20011885,-6.369028,34.888822
"120",5.843,"Thailand",137,43.3,513120,455000,10.34,283763,113.27,0.7,1.53,32.2,0.71,543649976166,99.8,49.3,7.8,76.9,37,1.06,11.8,0.81,69625582,67.3,14.9,"29.50",0.75,35294600,15.870032,100.992541
"121",4.137,"Togo",152,70.2,56785,10000,33.11,3000,113.3,0.7,4.32,3.1,0.71,5459979417,123.8,14.5,47.4,60.8,396,0.34,51,0.08,8082366,77.6,16.9,"48.20",2.04,3414638,8.619543,0.824782
"122",4.497,"Tunisia",76,64.8,163610,48000,17.56,29937,155.33,6.7,2.2,6.8,0.73,38797709924,115.4,31.7,14.6,76.5,43,0.47,39.8,1.3,11694719,46.1,21.1,"60.70",16.02,8099061,33.886917,9.537499
"123",4.614,"Turkiye",110,49.8,783562,512000,16.03,372725,234.44,15.2,2.07,15.4,1.42,754411708203,93.2,23.9,9.1,77.4,17,3.45,16.9,1.85,83429615,52.8,17.9,"42.30",13.49,63097818,38.963745,35.243322
"124",4.432,"Uganda",229,71.9,241038,46000,38.14,5680,173.87,2.9,4.96,9.7,0.94,34387229486,102.7,4.8,33.8,63,375,0.01,40.5,0.17,44269594,70.3,11.7,"33.70",1.84,10784516,1.373333,32.290275
"125",5.071,"Ukraine",75,71.7,603550,297000,8.7,202250,281.66,7.9,1.3,16.7,0.83,153781069118,99,82.7,7.5,71.6,19,0.84,47.8,2.99,44385155,54.2,20.1,"45.20",8.88,30835699,48.379433,31.16558
"126",6.796,"United Kingdom",281,71.7,243610,148000,11,379025,119.62,1.7,1.68,13.1,1.46,2827113184696,101.2,60,3.6,81.3,7,10.13,14.8,2.81,66834405,62.8,25.5,"30.60",3.85,55908316,55.378051,-3.435973
"127",6.894,"United States",36,44.4,9833517,1359000,11.6,5006302,117.24,7.5,1.73,33.9,0.71,2.14277e+13,101.8,88.2,5.6,78.5,19,7.25,11.1,2.61,328239523,62,9.6,"36.60",14.7,270663028,37.09024,-95.712891
"128",6.494,"Uruguay",20,82.6,176215,22000,13.86,6766,202.92,7.9,1.97,10.7,1.5,56045912952,108.5,63.1,6.4,77.8,17,1.66,16.2,5.05,3461734,64,20.1,"41.80",8.73,3303394,-32.522779,-55.765835
"129",6.014,"Uzbekistan",79,62.9,447400,68000,23.3,91811,NA,NA,2.42,7.5,1.03,57921286440,104.2,10.1,19.1,71.6,29,0.24,42.7,2.37,33580650,65.1,14.8,"31.60",5.92,16935729,41.377491,64.585262
"130",5.211,"Venezuela",32,24.5,912050,343000,17.88,164175,2740.27,254.9,2.27,52.7,0,482359318768,97.2,79.3,21.4,72.1,125,0.01,45.8,1.92,28515829,59.7,NA,"73.30",8.8,25162368,6.42375,-66.58973
"131",5.763,"Vietnam",314,39.3,331210,522000,16.75,192668,163.52,2.8,2.05,48.1,0.8,261921244843,110.6,28.5,16.5,75.3,43,0.73,43.5,0.82,96462106,77.4,19.1,"37.60",2.01,35332140,14.058324,108.277199
"132",3.982,"Zambia",25,32.1,752618,16000,36.19,5141,212.31,9.2,4.63,65.2,1.4,23064722446,98.7,4.1,40.4,63.5,213,0.24,27.5,1.19,17861030,74.6,16.2,"15.60",11.43,7871713,-13.133897,27.849332
"133",3.204,"Zimbabwe",38,41.9,390757,51000,30.68,10983,105.51,0.9,3.62,35.5,1.34,21440758800,109.9,10,33.9,61.2,458,NA,25.8,0.21,14645468,83.1,20.7,"31.60",4.95,4717305,-19.015438,29.154857
